{"cameraMode":{"drawMode":0,"name":"Shaded","section":"Shading Mode"},"sceneLighting":false,"audioPlay":false,"sceneViewState":{"m_AlwaysRefresh":false,"showFog":true,"showSkybox":false,"showFlares":true,"showImageEffects":true,"showParticleSystems":true,"showVisualEffectGraphs":true,"m_FxEnabled":true},"in2DMode":false,"pivot":{"x":-3.154412269592285,"y":0.19587144255638123,"z":-0.07218378782272339},"rotation":{"x":0.06326578557491303,"y":0.007480614818632603,"z":-0.0004741804441437125,"w":0.9979678392410278},"size":1.5390008687973023,"orthographic":false}